Date,Open Price,High Price,Low Price,Close Price,Deliverable Volume
2021-01-01,2880.0,2940.0,2879.0,2928.25,504010
2021-01-04,2950.0,3050.75,2940.95,3039.45,1182335
2021-01-05,3039.6,3114.25,3039.6,3093.0,1554550
2021-01-06,3100.0,3113.5,3037.2,3051.5,1054841
2021-01-07,3075.0,3080.85,3000.25,3032.8,1490971
2021-01-08,3090.0,3128.0,3060.0,3120.9,1754802
2021-01-11,3230.0,3230.0,3146.55,3176.45,3153741
2021-01-12,3176.45,3210.0,3150.0,3174.85,1656842
2021-01-13,3175.0,3177.0,3126.25,3158.95,1857249
2021-01-14,3155.0,3266.5,3120.4,3250.7,3067056
2021-01-15,3235.0,3274.0,3210.0,3233.35,1959292
2021-01-18,3250.0,3256.75,3187.4,3221.75,2204487
2021-01-19,3233.0,3279.0,3232.0,3260.7,1409143
2021-01-20,3270.0,3327.95,3267.1,3308.8,1498128
2021-01-21,3305.0,3309.15,3262.1,3273.85,1222458
2021-01-22,3241.9,3325.0,3241.9,3303.1,1419347
2021-01-25,3308.95,3339.8,3278.65,3291.3,1208668
2021-01-27,3300.0,3306.45,3227.0,3261.05,1396514
2021-01-28,3230.0,3275.0,3183.8,3196.55,1689185
2021-01-29,3210.05,3216.85,3100.0,3111.35,3601765
2021-02-01,3100.0,3165.0,3044.1,3139.35,2125201
2021-02-02,3174.0,3224.0,3150.0,3203.45,1461083
2021-02-03,3213.0,3236.0,3162.65,3200.05,916858
2021-02-04,3216.05,3237.85,3176.0,3188.45,994481
2021-02-05,3198.95,3205.85,3129.0,3157.95,992928
2021-02-08,3189.5,3226.0,3155.15,3214.1,1160977
2021-02-09,3195.0,3245.8,3164.0,3176.9,1305574
2021-02-10,3185.0,3219.4,3157.3,3213.3,713331
2021-02-11,3215.0,3219.3,3185.05,3206.0,466871
2021-02-12,3184.2,3245.5,3182.0,3190.8,872187
2021-02-15,3209.0,3209.0,3131.55,3139.85,1214830
2021-02-16,3150.0,3167.65,3100.0,3108.8,1651579
2021-02-17,3105.1,3132.85,3045.55,3073.1,1516981
2021-02-18,3065.0,3097.9,3031.0,3057.35,2042317
2021-02-19,3058.0,3087.15,3016.15,3071.85,1878814
2021-02-22,3096.0,3096.0,2943.15,2958.45,2809615
2021-02-23,2970.0,3028.0,2968.0,2980.2,1770672
2021-02-24,2972.0,3003.35,2921.15,2948.1,2336704
2021-02-25,2974.0,3029.9,2968.45,2995.3,2152055
2021-02-26,2960.0,2972.35,2880.0,2894.3,2860279
2021-03-01,2926.0,2965.0,2901.8,2924.2,1676148
2021-03-02,2960.0,3025.0,2948.0,3006.35,1407212
2021-03-03,3035.0,3064.0,2996.9,3059.1,2032166
2021-03-04,3023.0,3081.45,3016.05,3049.7,2035315
2021-03-05,3016.1,3063.2,2996.6,3008.05,1390830
2021-03-08,3016.0,3033.0,2996.0,3006.95,842670
2021-03-09,3006.95,3066.9,2992.1,3050.95,1020339
2021-03-10,3075.0,3093.2,3060.0,3070.95,1631893
2021-03-12,3075.0,3117.0,3041.35,3057.95,1465667
2021-03-15,3041.0,3099.0,3041.0,3066.15,1677136
2021-03-16,3060.0,3141.0,3060.0,3110.05,2441085
2021-03-17,3105.0,3155.0,3085.3,3112.95,1776834
2021-03-18,3125.95,3146.45,2987.05,3036.5,1670043
2021-03-19,3030.0,3099.0,3005.0,3050.2,3138698
2021-03-22,3048.7,3139.45,3018.65,3129.65,1165276
2021-03-23,3140.0,3169.0,3122.85,3142.6,1615396
2021-03-24,3111.2,3152.3,3111.15,3121.1,930779
2021-03-25,3112.2,3130.85,3050.0,3064.85,1567362
2021-03-26,3090.65,3118.0,3043.05,3066.8,1512152
2021-03-30,3083.0,3188.45,3060.9,3158.55,2277177
2021-03-31,3155.0,3205.0,3132.0,3177.85,1236712
2021-04-01,3191.1,3215.0,3145.0,3165.0,2256615
2021-04-05,3171.0,3263.0,3151.0,3238.9,2518855
2021-04-06,3275.0,3275.0,3230.0,3264.7,834510
2021-04-07,3259.0,3277.55,3234.8,3271.4,1125695
2021-04-08,3270.0,3335.0,3266.05,3317.35,987260
2021-04-09,3354.0,3354.35,3308.0,3322.25,1043656
2021-04-12,3322.25,3338.1,3213.2,3246.55,1329121
2021-04-13,3214.0,3214.0,3073.05,3104.05,3104217
2021-04-15,3160.3,3237.25,3087.45,3218.95,3038656
2021-04-16,3229.0,3247.0,3182.6,3195.15,1401641
2021-04-19,3169.0,3189.0,3135.1,3161.8,1340909
2021-04-20,3225.0,3225.35,3126.35,3144.55,1747537
2021-04-22,3148.0,3148.0,3105.25,3118.8,1191717
2021-04-23,3105.0,3119.0,3091.05,3109.5,772358
2021-04-26,3102.05,3153.0,3088.05,3100.8,1345353
2021-04-27,3106.0,3136.1,3103.0,3132.0,849767
2021-04-28,3149.95,3151.0,3112.0,3124.1,847762
2021-04-29,3145.6,3157.35,3105.5,3115.25,837567
2021-04-30,3099.0,3132.05,3020.0,3035.65,1942473
2021-05-03,3024.9,3055.0,3004.0,3037.0,636257
2021-05-04,3062.8,3090.0,3035.0,3049.75,912440
2021-05-05,3070.0,3099.4,3052.4,3095.7,1003404
2021-05-06,3105.5,3134.0,3074.0,3111.45,831131
2021-05-07,3133.0,3159.85,3111.8,3132.9,946390
2021-05-10,3145.95,3164.2,3125.0,3145.5,1258111
2021-05-11,3125.0,3128.1,3091.15,3122.6,1484826
2021-05-12,3120.0,3120.0,3070.6,3087.6,1219688
2021-05-14,3098.5,3098.5,3040.0,3051.5,1281535
2021-05-17,3055.0,3075.2,3036.0,3069.75,1759849
2021-05-18,3100.0,3124.0,3078.0,3088.8,1156834
2021-05-19,3084.0,3118.0,3067.1,3082.0,1244083
2021-05-20,3067.1,3088.8,3052.1,3060.0,1512325
2021-05-21,3061.0,3088.2,3055.1,3080.5,1085313
2021-05-24,3081.5,3105.0,3072.0,3081.5,896770
2021-05-25,3092.0,3128.25,3082.1,3114.0,902281
2021-05-26,3120.0,3165.0,3103.8,3158.5,937133
2021-05-27,3161.95,3217.75,3161.8,3180.0,3733267
2021-05-28,3189.5,3198.0,3135.65,3143.6,941310
2021-05-31,3150.0,3170.35,3128.6,3159.15,731415
2021-06-01,3168.6,3169.95,3132.0,3153.0,748839
2021-06-02,3150.85,3159.45,3115.0,3129.45,1411614
2021-06-03,3154.55,3154.55,3122.65,3141.25,617798
2021-06-04,3128.0,3156.85,3125.0,3143.75,1117232
2021-06-07,3145.0,3190.45,3133.6,3183.2,1587945
2021-06-08,3198.0,3231.0,3187.2,3200.15,1314327
2021-06-09,3202.0,3220.0,3186.2,3200.25,996569
2021-06-10,3210.0,3224.0,3193.0,3216.8,1002378
2021-06-11,3211.55,3309.0,3211.0,3273.8,1428491
2021-06-14,3279.0,3308.7,3270.35,3276.35,925400
2021-06-15,3298.0,3298.0,3251.55,3262.75,694189
2021-06-16,3262.1,3294.7,3253.0,3274.35,973246
2021-06-17,3265.5,3336.05,3260.0,3317.75,1308141
2021-06-18,3350.9,3358.0,3275.0,3297.3,1857893
2021-06-21,3265.0,3286.0,3251.7,3273.1,567529
2021-06-22,3304.0,3327.05,3285.0,3301.2,960829
2021-06-23,3329.0,3329.0,3256.4,3261.4,960116
2021-06-24,3284.0,3383.0,3278.5,3373.6,1837245
2021-06-25,3375.25,3399.65,3350.0,3380.8,1582890
2021-06-28,3391.5,3391.5,3333.0,3336.75,669783
2021-06-29,3342.0,3366.3,3326.5,3340.85,874417
2021-06-30,3346.0,3382.0,3338.5,3345.75,958794
2021-07-01,3358.0,3362.0,3332.35,3341.5,590638
2021-07-02,3331.0,3339.7,3295.2,3325.45,885899
2021-07-05,3342.0,3374.0,3302.0,3321.0,981734
2021-07-06,3313.0,3328.0,3256.1,3262.3,1052180
2021-07-07,3275.0,3282.7,3241.6,3274.95,1398154
2021-07-08,3298.0,3298.0,3231.9,3258.5,1154747
2021-07-09,3250.0,3282.0,3201.0,3208.15,2125726
2021-07-12,3235.0,3236.0,3188.35,3193.1,960804
2021-07-13,3214.0,3214.0,3175.0,3187.55,1151250
2021-07-14,3187.0,3222.0,3185.0,3214.55,1175668
2021-07-15,3227.6,3231.85,3194.0,3202.95,1419357
2021-07-16,3213.0,3219.85,3192.0,3194.8,762190
2021-07-19,3180.0,3199.8,3176.0,3184.6,1033190
2021-07-20,3184.6,3215.0,3156.15,3205.8,1090944
2021-07-22,3190.0,3224.95,3190.0,3216.35,1999067
2021-07-23,3230.0,3241.55,3206.65,3212.85,1119762
2021-07-26,3200.0,3224.25,3190.85,3197.55,760050
2021-07-27,3200.0,3210.0,3161.15,3182.95,736732
2021-07-28,3188.0,3204.45,3132.4,3197.8,954569
2021-07-29,3200.25,3225.45,3190.3,3195.8,1099206
2021-07-30,3219.0,3223.5,3162.35,3167.45,2166295
2021-08-02,3180.0,3224.9,3167.0,3219.4,1907700
2021-08-03,3229.0,3290.0,3218.95,3284.9,2236727
2021-08-04,3300.0,3305.2,3261.2,3273.95,1989255
2021-08-05,3275.0,3315.0,3262.5,3283.95,1358151
2021-08-06,3272.55,3324.0,3265.0,3309.8,1459676
2021-08-09,3323.9,3337.0,3310.0,3322.7,969058
2021-08-10,3315.6,3349.9,3315.6,3333.9,1237530
2021-08-11,3350.0,3360.0,3327.1,3344.2,1138089
2021-08-12,3326.0,3368.0,3326.0,3351.75,824872
2021-08-13,3360.75,3480.0,3357.5,3463.4,2132472
2021-08-16,3460.0,3494.35,3436.5,3472.95,1177803
2021-08-17,3482.1,3560.8,3463.0,3553.05,2704831
2021-08-18,3573.85,3595.0,3536.6,3560.55,1723543
2021-08-20,3506.0,3575.0,3500.0,3559.5,1848299
2021-08-23,3580.0,3673.0,3561.9,3637.4,1842890
2021-08-24,3657.0,3667.35,3594.4,3613.2,1556733
2021-08-25,3610.0,3697.75,3607.05,3659.0,995370
2021-08-26,3660.0,3687.6,3647.9,3671.85,1154816
2021-08-27,3666.0,3729.5,3651.1,3720.15,2524643
2021-08-30,3715.0,3740.35,3687.6,3701.3,1349616
2021-08-31,3709.4,3804.1,3703.45,3786.45,1862272
2021-09-01,3796.0,3816.7,3707.0,3714.95,1863636
2021-09-02,3734.0,3859.15,3722.0,3836.75,2036113
2021-09-03,3825.0,3856.9,3804.55,3842.05,916975
2021-09-06,3849.7,3877.6,3814.0,3852.0,978295
2021-09-07,3864.0,3869.95,3808.25,3815.9,1010493
2021-09-08,3810.0,3815.0,3756.0,3774.15,3355232
2021-09-09,3789.7,3808.7,3765.0,3791.4,720189
2021-09-13,3767.0,3852.4,3767.0,3845.35,789494
2021-09-14,3849.95,3896.5,3825.0,3885.9,1273237
2021-09-15,3882.1,3980.0,3866.0,3954.55,1222171
2021-09-16,3930.0,3981.75,3892.1,3903.3,2125781
2021-09-17,3920.0,3945.0,3805.0,3827.85,4501470
2021-09-20,3809.0,3871.0,3807.85,3823.5,1112498
2021-09-21,3858.0,3871.55,3821.65,3862.95,851956
2021-09-22,3862.5,3896.85,3852.45,3862.15,1015045
2021-09-23,3870.0,3879.0,3835.0,3869.25,1396484
2021-09-24,3890.0,3944.4,3855.0,3871.3,1308031
2021-09-27,3900.0,3904.0,3802.9,3836.95,989998
2021-09-28,3850.0,3850.0,3751.25,3779.15,1558553
2021-09-29,3759.8,3806.0,3722.15,3791.9,1548275
2021-09-30,3805.0,3805.0,3750.1,3775.55,1546273
2021-10-01,3781.75,3810.0,3725.0,3730.2,916682
2021-10-04,3724.8,3783.65,3707.45,3773.3,783170
2021-10-05,3754.0,3840.0,3741.6,3833.3,1088332
2021-10-06,3836.0,3857.45,3795.0,3810.9,949703
2021-10-07,3830.0,3899.0,3820.05,3892.9,693631
2021-10-08,3925.0,3989.9,3900.0,3935.65,1040830
2021-10-11,3755.0,3757.5,3660.0,3685.6,6606303
2021-10-12,3706.0,3707.0,3630.6,3652.85,3799131
2021-10-13,3650.0,3675.45,3645.0,3655.2,2564283
2021-10-14,3625.0,3670.0,3608.2,3611.45,4714726
2021-10-18,3603.45,3652.7,3601.45,3647.15,2407286
2021-10-19,3669.0,3690.1,3625.2,3634.15,1815161
2021-10-20,3612.0,3630.0,3578.3,3608.85,1685241
2021-10-21,3604.1,3607.45,3511.25,3532.5,3125514
2021-10-22,3560.0,3561.6,3485.0,3498.85,1700467
2021-10-25,3503.0,3514.55,3450.0,3492.95,1627737
2021-10-26,3494.5,3529.0,3475.0,3482.6,2821225
2021-10-27,3483.0,3511.25,3483.0,3489.75,1766894
2021-10-28,3518.0,3518.0,3415.0,3421.65,1497979
2021-10-29,3400.05,3461.0,3385.95,3397.75,2238879
2021-11-01,3437.95,3487.0,3412.95,3476.4,1166862
2021-11-02,3494.0,3513.6,3469.75,3484.2,2067119
2021-11-03,3504.2,3519.9,3466.05,3492.25,791208
2021-11-04,3512.95,3513.25,3505.0,3508.65,246904
2021-11-08,3548.0,3548.0,3481.2,3502.75,1652814
2021-11-09,3508.0,3535.0,3496.0,3505.7,1106403
2021-11-10,3498.0,3519.7,3480.2,3484.3,955899
2021-11-11,3480.0,3510.05,3436.0,3488.2,614576
2021-11-12,3506.0,3534.15,3485.7,3526.05,1086001
2021-11-15,3528.0,3569.6,3528.0,3553.3,1104175
2021-11-16,3569.0,3575.55,3542.0,3556.4,1371662
2021-11-17,3550.6,3562.85,3506.4,3521.9,1033842
2021-11-18,3515.15,3520.85,3451.6,3475.7,1367516
2021-11-22,3478.4,3515.95,3440.3,3458.4,2146221
2021-11-23,3445.0,3480.95,3407.8,3464.25,1449786
2021-11-24,3472.2,3493.05,3424.0,3443.3,1640323
2021-11-25,3443.9,3463.0,3434.05,3445.9,1294556
2021-11-26,3425.0,3490.0,3411.9,3446.85,1152929
2021-11-29,3447.15,3529.35,3406.45,3502.0,1648719
2021-11-30,3491.0,3563.75,3491.0,3529.15,3849797
2021-12-01,3535.0,3590.0,3535.0,3577.8,1311474
2021-12-02,3589.2,3648.0,3574.1,3642.9,2208112
2021-12-03,3646.45,3665.95,3630.85,3640.45,1904713
2021-12-06,3640.45,3658.0,3522.0,3536.4,1050297
2021-12-07,3562.5,3598.0,3524.3,3584.5,812623
2021-12-08,3601.0,3646.45,3601.0,3626.9,826623
2021-12-09,3610.0,3634.75,3566.0,3601.75,890952
2021-12-10,3585.0,3642.0,3575.1,3636.8,833404
2021-12-13,3650.0,3662.0,3601.7,3609.65,1329794
2021-12-14,3605.0,3635.0,3576.7,3623.8,1216832
2021-12-15,3620.0,3623.0,3558.15,3570.35,1141894
2021-12-16,3582.0,3608.45,3570.0,3581.6,1560825
2021-12-17,3602.5,3651.35,3573.7,3584.35,2677223
2021-12-20,3589.0,3606.0,3510.15,3556.9,1243439
2021-12-21,3582.65,3641.2,3566.4,3608.3,1470826
2021-12-22,3624.0,3636.8,3606.25,3630.75,755182
2021-12-23,3648.0,3670.5,3630.0,3662.7,1107607
2021-12-24,3685.0,3705.0,3644.8,3670.9,1156092
2021-12-27,3671.0,3700.0,3653.1,3696.1,866793
2021-12-28,3710.0,3725.0,3693.85,3706.55,917903
2021-12-29,3692.25,3719.95,3685.0,3694.7,1091321
2021-12-30,3681.35,3740.0,3680.0,3733.75,1296163
2021-12-31,3742.8,3760.0,3731.3,3738.35,727618
2022-01-03,3750.0,3830.0,3745.0,3817.75,1433211
2022-01-04,3831.1,3889.15,3811.7,3884.75,1539134
2022-01-05,3865.0,3870.0,3812.4,3860.95,988277
2022-01-06,3812.0,3835.0,3772.0,3807.45,995325
2022-01-07,3820.0,3864.9,3796.4,3853.5,1501620
2022-01-10,3978.0,3978.0,3861.0,3879.85,1687823
2022-01-11,3856.0,3925.0,3856.0,3915.9,1054450
2022-01-12,3925.0,3929.0,3836.55,3859.9,1866561
2022-01-13,3918.0,3923.0,3857.0,3897.9,3737081
2022-01-14,3877.85,3977.0,3860.05,3968.15,1768475
2022-01-17,3992.7,4043.0,3962.3,4019.15,1699919
2022-01-18,4033.95,4041.7,3980.0,3990.6,1635845
2022-01-19,4012.0,4012.0,3910.5,3914.65,2121306
2022-01-20,3910.0,3920.0,3811.0,3826.55,4962139
2022-01-21,3807.0,3851.55,3771.1,3833.5,1795708
2022-01-24,3840.0,3849.65,3740.1,3771.35,2095906
2022-01-25,3769.5,3809.4,3722.2,3769.9,2094835
2022-01-27,3731.0,3733.4,3625.1,3649.25,3887598
2022-01-28,3646.0,3729.8,3646.0,3690.05,1863034
2022-01-31,3749.0,3758.0,3721.4,3736.25,1708467
2022-02-01,3770.0,3808.0,3736.4,3800.65,1067316
2022-02-02,3827.9,3864.0,3800.65,3856.2,1158079
2022-02-03,3851.0,3882.5,3816.05,3824.6,1242614
2022-02-04,3815.3,3824.7,3769.0,3814.9,1415833
2022-02-07,3791.0,3831.8,3756.15,3779.0,1160277
2022-02-08,3791.55,3799.7,3721.0,3743.45,2092329
2022-02-09,3750.0,3777.95,3746.1,3760.55,1190875
2022-02-10,3789.8,3789.8,3758.0,3770.35,1512559
2022-02-11,3752.5,3752.5,3690.0,3694.95,2684979
2022-02-14,3724.0,3793.25,3710.0,3733.75,3157466
2022-02-15,3786.0,3835.0,3748.0,3817.8,2283223
2022-02-16,3844.0,3854.1,3806.0,3813.1,1989270
2022-02-17,3825.0,3835.0,3779.0,3784.2,2140343
2022-02-18,3769.0,3815.95,3757.6,3793.9,2727483
2022-02-21,3810.0,3827.8,3705.55,3719.4,4843446
2022-02-22,3650.0,3667.9,3570.0,3586.4,3214082
2022-02-23,3611.0,3622.9,3555.65,3563.8,1476108
2022-02-24,3474.0,3483.85,3391.1,3401.65,3127576
2022-02-25,3468.0,3530.0,3462.0,3520.75,1286087
2022-02-28,3490.0,3563.75,3455.9,3554.2,1957822
2022-03-02,3552.5,3571.95,3506.0,3546.15,1608352
2022-03-03,3562.85,3578.6,3530.1,3544.4,1095452
2022-03-04,3501.5,3561.2,3487.05,3524.35,1412782
2022-03-07,3450.0,3548.0,3431.55,3484.9,1842815
2022-03-08,3460.0,3609.0,3460.0,3599.95,1897296
2022-03-09,3605.0,3654.0,3597.05,3632.6,1493364
2022-03-10,3684.0,3684.0,3615.0,3620.95,1143533
2022-03-11,3603.25,3639.85,3592.85,3599.15,997926
2022-03-14,3580.0,3648.35,3580.0,3643.0,947609
2022-03-15,3659.0,3659.0,3585.4,3593.9,2937815
2022-03-16,3640.5,3668.0,3616.25,3655.9,2374997
2022-03-17,3696.6,3710.0,3660.3,3672.75,2281677
2022-03-21,3696.0,3713.95,3615.0,3626.7,1443014
2022-03-22,3640.0,3711.0,3625.0,3700.95,1931906
2022-03-23,3708.0,3729.8,3690.0,3712.4,803477
2022-03-24,3700.0,3758.2,3695.0,3749.85,1248970
2022-03-25,3759.9,3779.5,3672.0,3707.45,951033
2022-03-28,3695.0,3713.0,3661.2,3707.7,878863
2022-03-29,3694.75,3722.0,3691.0,3705.35,1876469
2022-03-30,3738.0,3738.0,3706.2,3731.55,1071594
2022-03-31,3740.0,3754.65,3720.2,3739.95,1597155
2022-04-01,3748.0,3763.0,3728.05,3758.75,897433
2022-04-04,3762.0,3780.0,3737.1,3770.35,919895
2022-04-05,3772.0,3835.6,3772.0,3814.8,1228409
2022-04-06,3809.3,3809.3,3731.15,3755.35,1245604
2022-04-07,3745.5,3745.5,3679.0,3684.15,1814089
2022-04-08,3690.0,3705.0,3642.5,3685.65,1503584
2022-04-11,3690.0,3712.35,3656.1,3696.4,1175930
2022-04-12,3683.0,3739.0,3648.35,3691.1,1662462
2022-04-13,3707.0,3709.85,3655.55,3661.95,871209
2022-04-18,3610.0,3610.0,3522.5,3528.05,2676562
2022-04-19,3550.0,3563.55,3439.15,3471.9,2190202
2022-04-20,3500.0,3569.15,3480.0,3556.8,1703183
2022-04-21,3580.0,3644.0,3567.4,3628.65,1468817
2022-04-22,3581.1,3617.0,3571.5,3612.55,992489
2022-04-25,3558.0,3584.0,3533.1,3548.2,1249532
2022-04-26,3575.15,3587.9,3518.15,3546.3,1223001
2022-04-27,3546.0,3568.45,3506.3,3561.2,1068875
2022-04-28,3588.0,3604.4,3538.05,3584.3,1117294
2022-04-29,3597.0,3623.25,3536.85,3546.7,1349216
2022-05-02,3519.9,3547.95,3492.75,3542.4,837858
2022-05-04,3538.5,3545.45,3465.3,3479.75,1533599
2022-05-05,3512.1,3533.0,3485.35,3513.4,994905
2022-05-06,3459.0,3474.5,3424.5,3432.6,1157843
2022-05-09,3398.0,3456.0,3346.85,3445.1,1520203
2022-05-10,3434.0,3464.8,3422.0,3438.75,1116707
2022-05-11,3435.0,3448.45,3382.15,3412.0,1066170
2022-05-12,3378.0,3449.7,3350.1,3408.65,1630791
2022-05-13,3435.0,3439.9,3382.15,3414.9,1326058
2022-05-16,3415.0,3430.0,3366.6,3376.8,698049
2022-05-17,3370.0,3467.0,3350.4,3451.6,1022602
2022-05-18,3465.0,3495.0,3443.05,3448.8,1166592
2022-05-19,3397.0,3405.0,3230.0,3261.95,2952123
2022-05-20,3310.0,3313.9,3270.05,3293.0,1971441
2022-05-23,3304.8,3338.9,3267.0,3321.75,1387824
2022-05-24,3315.15,3324.85,3275.6,3288.0,1040626
2022-05-25,3292.85,3292.85,3154.05,3167.65,2233846
2022-05-26,3191.0,3241.5,3180.55,3226.95,1819586
2022-05-27,3253.2,3278.9,3229.2,3261.3,2076287
2022-05-30,3297.0,3386.6,3286.35,3375.25,1253589
2022-05-31,3354.15,3383.4,3325.0,3364.35,3642745
2022-06-01,3388.0,3388.0,3340.05,3355.2,989283
2022-06-02,3355.0,3432.0,3346.3,3423.0,1563997
2022-06-03,3459.4,3477.3,3431.2,3440.15,1116753
2022-06-06,3418.0,3453.0,3377.15,3430.95,538450
2022-06-07,3401.05,3418.85,3356.0,3362.7,1498669
2022-06-08,3380.15,3413.95,3346.5,3404.15,1330224
2022-06-09,3385.0,3437.0,3353.1,3427.1,696532
2022-06-10,3382.0,3393.0,3352.0,3359.9,993710
2022-06-13,3290.0,3293.0,3192.45,3219.6,2138257
2022-06-14,3190.0,3238.9,3174.7,3210.55,1741127
2022-06-15,3218.5,3234.0,3201.0,3206.3,825277
2022-06-16,3240.0,3244.85,3133.05,3142.0,1207357
2022-06-17,3092.0,3118.75,3023.85,3088.9,2845988
2022-06-20,3094.0,3138.75,3069.0,3112.4,640878
2022-06-21,3130.0,3237.75,3125.4,3211.95,1747330
2022-06-22,3199.9,3250.55,3183.0,3222.95,2075091
2022-06-23,3222.95,3318.0,3222.95,3308.8,2472506
2022-06-24,3339.0,3345.0,3277.5,3293.1,1204459
2022-06-27,3350.0,3362.9,3306.5,3314.7,1223301
2022-06-28,3307.0,3330.0,3272.6,3318.15,763205
2022-06-29,3271.0,3333.0,3271.0,3290.5,1270605
2022-06-30,3272.0,3310.9,3255.0,3267.1,1691349
2022-07-01,3260.0,3333.0,3252.05,3315.1,940958
2022-07-04,3312.0,3317.95,3225.05,3235.05,1700576
2022-07-05,3255.0,3272.0,3206.95,3216.3,1260668
2022-07-06,3218.5,3268.5,3202.25,3260.75,1290203
2022-07-07,3271.0,3319.4,3265.05,3287.85,1059067
2022-07-08,3300.0,3305.0,3250.0,3265.45,1169844
2022-07-11,3206.15,3225.0,3106.0,3113.8,3636712
2022-07-12,3114.9,3136.2,3080.25,3084.7,2079781
2022-07-13,3104.0,3110.0,3035.0,3038.75,2508061
2022-07-14,3056.0,3057.0,2967.0,2998.75,2817124
2022-07-15,3018.55,3028.9,2953.0,2994.6,2862510
2022-07-18,3023.0,3076.95,3014.3,3063.5,1699159
2022-07-19,3030.05,3078.95,3030.05,3074.25,989715
2022-07-20,3107.8,3171.95,3098.05,3164.8,2098351
2022-07-21,3167.0,3184.0,3144.05,3177.3,1285640
2022-07-22,3185.0,3197.0,3143.5,3171.0,1190020
2022-07-25,3165.0,3186.45,3149.1,3166.75,1068651
2022-07-26,3164.7,3168.9,3096.5,3115.9,1592860
2022-07-27,3115.0,3194.1,3110.0,3188.85,763038
2022-07-28,3216.0,3264.0,3201.65,3260.5,1021359
2022-07-29,3290.0,3317.3,3275.0,3301.9,1424468
2022-08-01,3327.0,3327.0,3271.0,3298.8,692180
2022-08-02,3290.0,3312.9,3271.65,3291.8,656936
2022-08-03,3280.0,3349.0,3277.05,3339.5,1538246
2022-08-04,3350.0,3387.9,3307.35,3354.95,1027973
2022-08-05,3361.2,3377.0,3355.0,3365.05,628702
2022-08-08,3365.0,3378.9,3336.0,3374.45,674222
2022-08-10,3385.0,3385.0,3335.0,3354.25,1337988
2022-08-11,3400.0,3428.7,3375.05,3422.5,776232
2022-08-12,3419.0,3419.0,3381.25,3401.55,922101
2022-08-16,3411.0,3414.85,3387.5,3392.7,475910
2022-08-17,3385.1,3417.95,3371.1,3401.1,941635
2022-08-18,3390.0,3392.0,3362.0,3381.25,903095
2022-08-19,3387.0,3421.5,3371.25,3385.75,703549
2022-08-22,3365.0,3384.1,3347.4,3354.55,1105238
2022-08-23,3319.95,3341.9,3270.0,3284.6,1011973
2022-08-24,3292.0,3308.0,3250.2,3255.35,995741
2022-08-25,3276.0,3278.15,3214.75,3218.2,1217432
2022-08-26,3234.3,3257.0,3216.8,3222.2,840396
2022-08-29,3125.0,3142.7,3081.0,3132.55,1546883
2022-08-30,3155.0,3226.5,3142.1,3211.15,2145710
2022-09-01,3190.0,3190.0,3121.0,3131.7,2222198
2022-09-02,3163.0,3163.0,3120.3,3130.4,1283634
2022-09-05,3123.65,3147.95,3112.25,3133.4,1483879
2022-09-06,3135.5,3140.85,3106.35,3127.05,1251306
2022-09-07,3102.0,3161.9,3102.0,3149.6,555995
2022-09-08,3170.0,3183.5,3160.1,3169.65,795911
2022-09-09,3195.0,3233.5,3168.5,3217.65,728411
2022-09-12,3239.9,3269.8,3225.0,3242.95,979563
2022-09-13,3263.45,3263.45,3225.0,3229.35,1409613
2022-09-14,3135.0,3141.4,3113.8,3120.4,2993544
2022-09-15,3130.0,3137.75,3100.0,3104.35,1330626
2022-09-16,3076.0,3094.35,3000.0,3008.7,3527573
2022-09-19,3036.0,3042.0,2987.8,3028.8,1163039
2022-09-20,3050.0,3079.95,3030.0,3040.3,818645
2022-09-21,3028.0,3041.4,2998.15,3001.2,1590408
2022-09-22,2990.0,3029.95,2979.3,3007.4,1200581
2022-09-23,3004.0,3022.5,2979.0,2982.05,1650283
2022-09-26,2959.85,3025.85,2926.1,2994.4,1748393
2022-09-27,3009.4,3025.0,2976.0,3017.45,1369166
2022-09-28,2980.0,3049.95,2980.0,3035.65,1836022
2022-09-29,3054.0,3055.85,2990.0,2997.3,1617742
2022-09-30,2990.85,3019.7,2950.1,3004.55,1650781
2022-10-03,2995.0,3020.7,2974.0,2984.95,1030275
2022-10-04,3029.95,3098.0,3023.0,3091.15,1076883
2022-10-06,3111.0,3124.0,3092.45,3101.95,1104816
2022-10-07,3097.4,3105.0,3058.1,3064.9,1170494
2022-10-10,3010.0,3127.0,3005.0,3118.55,1184324
2022-10-11,3100.0,3145.0,3053.35,3069.55,1381250
2022-10-12,3084.9,3109.9,3062.05,3100.75,723677
2022-10-13,3100.75,3110.0,3052.35,3103.3,1129490
2022-10-14,3145.0,3150.0,3071.0,3099.15,1086310
2022-10-17,3072.65,3128.4,3071.45,3111.75,809347
2022-10-18,3150.0,3155.35,3128.55,3144.7,1137170
2022-10-19,3159.0,3159.0,3112.0,3121.85,640341
2022-10-20,3105.0,3160.0,3105.0,3157.3,929125
2022-10-21,3157.8,3160.4,3127.0,3137.4,539414
2022-10-24,3170.1,3178.0,3155.0,3161.7,147148
2022-10-25,3180.5,3184.25,3151.15,3162.1,1453555
2022-10-27,3160.7,3174.0,3134.35,3157.4,1750099
2022-10-28,3150.0,3178.5,3145.0,3163.25,988134
2022-10-31,3199.0,3199.0,3177.8,3193.15,1357025
2022-11-01,3214.5,3262.6,3203.45,3259.7,1977185
2022-11-02,3270.0,3270.0,3222.05,3241.7,970651
2022-11-03,3228.05,3228.05,3195.0,3206.75,868245
2022-11-04,3217.0,3220.05,3166.15,3217.4,841065
2022-11-07,3229.0,3242.8,3195.1,3233.7,962738
2022-11-09,3249.8,3249.8,3201.65,3216.05,703211
2022-11-10,3170.0,3225.0,3170.0,3205.65,955330
2022-11-11,3269.6,3341.6,3255.05,3315.95,2031567
2022-11-14,3324.0,3349.0,3309.0,3335.5,774220
2022-11-15,3321.0,3339.95,3292.0,3332.6,791681
2022-11-16,3338.9,3367.9,3321.45,3355.35,900930
2022-11-17,3340.0,3360.0,3317.75,3349.0,834384
2022-11-18,3350.0,3362.75,3321.0,3343.45,661585
2022-11-21,3322.5,3333.7,3273.0,3283.5,816050
2022-11-22,3280.0,3318.95,3255.25,3314.95,636953
2022-11-23,3330.0,3330.0,3291.0,3308.3,636807
2022-11-24,3316.25,3392.95,3308.3,3380.15,723635
2022-11-25,3383.0,3403.35,3348.0,3389.65,840407
2022-11-28,3366.0,3417.0,3365.55,3395.25,1314425
2022-11-29,3383.0,3429.0,3383.0,3397.35,1021300
2022-11-30,3383.0,3414.9,3375.0,3390.8,2501862
2022-12-01,3425.0,3480.0,3420.0,3475.65,1034714
2022-12-02,3458.1,3468.9,3413.0,3439.15,1359185
2022-12-05,3433.0,3439.15,3407.0,3425.9,920179
2022-12-06,3400.05,3407.95,3368.0,3385.35,608951
2022-12-07,3368.3,3393.7,3354.0,3380.6,593778
2022-12-08,3360.0,3380.6,3339.45,3350.55,729438
2022-12-09,3374.1,3374.1,3276.35,3292.75,1010701
2022-12-12,3255.5,3296.0,3236.1,3286.45,775011
2022-12-13,3277.2,3336.45,3267.8,3332.1,743148
2022-12-14,3348.8,3377.0,3340.9,3365.35,762006
2022-12-15,3358.8,3364.75,3298.95,3305.1,879917
2022-12-16,3275.0,3292.0,3225.2,3240.25,1928864
2022-12-19,3227.0,3245.5,3194.5,3202.05,1549691
2022-12-20,3198.9,3249.0,3163.65,3243.95,669144
2022-12-21,3249.0,3283.05,3240.0,3268.55,713178
2022-12-22,3294.0,3294.0,3245.1,3259.7,773358
2022-12-23,3217.0,3266.85,3217.0,3228.35,706644
2022-12-26,3228.35,3272.0,3225.05,3252.9,433294
2022-12-27,3269.2,3273.8,3231.5,3259.5,399272
2022-12-28,3249.8,3266.1,3226.0,3257.1,475773
2022-12-29,3231.1,3271.5,3228.0,3268.75,584056
2022-12-30,3286.05,3299.0,3246.2,3256.7,665335
2023-01-02,3261.0,3266.85,3235.2,3261.45,331817
2023-01-03,3252.0,3320.0,3245.3,3311.35,667103
2023-01-04,3306.7,3327.35,3286.2,3314.65,778260
2023-01-05,3330.2,3337.3,3281.95,3311.1,1202559
2023-01-06,3300.0,3301.55,3200.0,3211.55,1584546
2023-01-09,3229.0,3327.0,3221.15,3319.95,1472534
2023-01-10,3285.0,3298.0,3230.1,3286.4,1741399
